system,ac_source,source_reference,ac_buses,ac_branches,dc_buses,dc_branches,import_warnings,import_skipped,vsc_index,ac_terminal,dc_terminal,mode,p_set_mw,q_set_mvar,vdc_set_pu,eta,loss_percent,loss_mw,dc_branch_list
"GC-12.47-1-ACDC","GridLAB-D r5643 taxonomy feeder GC-12.47-1.glm","PNNL GridLAB-D taxonomy feeder corpus",32,21,2,1,4,0,1,1,1,PQ,0.106480291578,0,1,0.99,0,0,"1-2:0.02"
"GC-12.47-1-ACDC","GridLAB-D r5643 taxonomy feeder GC-12.47-1.glm","PNNL GridLAB-D taxonomy feeder corpus",32,21,2,1,4,0,2,32,2,VDC-Q,0,0,1.02,0.99,0,0,"1-2:0.02"
"R1-12.47-3-ACDC","GridLAB-D r5643 taxonomy feeder R1-12.47-3.glm","PNNL GridLAB-D taxonomy feeder corpus",78,61,2,1,18,0,1,76,1,PQ,0.026808972556,0,1,0.99,0,0,"1-2:0.02"
"R1-12.47-3-ACDC","GridLAB-D r5643 taxonomy feeder R1-12.47-3.glm","PNNL GridLAB-D taxonomy feeder corpus",78,61,2,1,18,0,2,75,2,VDC-Q,0,0,1.02,0.99,0,0,"1-2:0.02"
"R3-12.47-2-ACDC","GridLAB-D r5643 taxonomy feeder R3-12.47-2.glm","PNNL GridLAB-D taxonomy feeder corpus",330,267,2,1,28,0,1,57,1,PQ,0.08733910528,0,1,0.99,0,0,"1-2:0.02"
"R3-12.47-2-ACDC","GridLAB-D r5643 taxonomy feeder R3-12.47-2.glm","PNNL GridLAB-D taxonomy feeder corpus",330,267,2,1,28,0,2,330,2,VDC-Q,0,0,1.02,0.99,0,0,"1-2:0.02"
"R4-12.47-2-ACDC","GridLAB-D r5643 taxonomy feeder R4-12.47-2.glm","PNNL GridLAB-D taxonomy feeder corpus",823,601,2,1,29,0,1,332,1,PQ,0.047887999996,0,1,0.99,0,0,"1-2:0.02"
"R4-12.47-2-ACDC","GridLAB-D r5643 taxonomy feeder R4-12.47-2.glm","PNNL GridLAB-D taxonomy feeder corpus",823,601,2,1,29,0,2,295,2,VDC-Q,0,0,1.02,0.99,0,0,"1-2:0.02"
"R1-12.47-2-ACDC","GridLAB-D r5643 taxonomy feeder R1-12.47-2.glm","PNNL GridLAB-D taxonomy feeder corpus",1105,763,2,1,30,0,1,2,1,PQ,0.056422769458,0,1,0.99,0,0,"1-2:0.02"
"R1-12.47-2-ACDC","GridLAB-D r5643 taxonomy feeder R1-12.47-2.glm","PNNL GridLAB-D taxonomy feeder corpus",1105,763,2,1,30,0,2,352,2,VDC-Q,0,0,1.02,0.99,0,0,"1-2:0.02"
"R2-35.00-1-ACDC","GridLAB-D r5643 taxonomy feeder R2-35.00-1.glm","PNNL GridLAB-D taxonomy feeder corpus",1976,1656,2,1,61,0,1,383,1,PQ,0.205598079686,0,1,0.99,0,0,"1-2:0.02"
"R2-35.00-1-ACDC","GridLAB-D r5643 taxonomy feeder R2-35.00-1.glm","PNNL GridLAB-D taxonomy feeder corpus",1976,1656,2,1,61,0,2,1487,2,VDC-Q,0,0,1.02,0.99,0,0,"1-2:0.02"
"R3-12.47-3-ACDC","GridLAB-D r5643 taxonomy feeder R3-12.47-3.glm","PNNL GridLAB-D taxonomy feeder corpus",6986,5196,2,1,47,0,1,108,1,PQ,0.161322872784,0,1,0.99,0,0,"1-2:0.02"
"R3-12.47-3-ACDC","GridLAB-D r5643 taxonomy feeder R3-12.47-3.glm","PNNL GridLAB-D taxonomy feeder corpus",6986,5196,2,1,47,0,2,2111,2,VDC-Q,0,0,1.02,0.99,0,0,"1-2:0.02"
