detector,fault,samples,detected,localized,detection_rate,wilson_95_low,wilson_95_high
validation,valid_control,175,0,0,0.000000,0.000000,0.021480
solver_only,valid_control,100,0,0,0.000000,0.000000,0.036993
validation_plus_solver,valid_control,175,0,0,0.000000,0.000000,0.021480
full_sppt,valid_control,175,0,0,0.000000,0.000000,0.021480
sppt_plus_independent,valid_control,175,0,0,0.000000,0.000000,0.021480
validation,missing_vsc_ac_terminal,175,175,175,1.000000,0.978520,1.000000
solver_only,missing_vsc_ac_terminal,75,0,0,0.000000,0.000000,0.048724
validation_plus_solver,missing_vsc_ac_terminal,175,175,175,1.000000,0.978520,1.000000
full_sppt,missing_vsc_ac_terminal,175,175,175,1.000000,0.978520,1.000000
sppt_plus_independent,missing_vsc_ac_terminal,175,175,175,1.000000,0.978520,1.000000
validation,missing_vsc_dc_terminal,175,175,175,1.000000,0.978520,1.000000
solver_only,missing_vsc_dc_terminal,75,0,0,0.000000,0.000000,0.048724
validation_plus_solver,missing_vsc_dc_terminal,175,175,175,1.000000,0.978520,1.000000
full_sppt,missing_vsc_dc_terminal,175,175,175,1.000000,0.978520,1.000000
sppt_plus_independent,missing_vsc_dc_terminal,175,175,175,1.000000,0.978520,1.000000
validation,missing_ac_reference,175,175,175,1.000000,0.978520,1.000000
solver_only,missing_ac_reference,75,75,75,1.000000,0.951276,1.000000
validation_plus_solver,missing_ac_reference,175,175,175,1.000000,0.978520,1.000000
full_sppt,missing_ac_reference,175,175,175,1.000000,0.978520,1.000000
sppt_plus_independent,missing_ac_reference,175,175,175,1.000000,0.978520,1.000000
validation,missing_dc_support,175,0,0,0.000000,0.000000,0.021480
solver_only,missing_dc_support,75,0,0,0.000000,0.000000,0.048724
validation_plus_solver,missing_dc_support,175,0,0,0.000000,0.000000,0.021480
full_sppt,missing_dc_support,175,175,175,1.000000,0.978520,1.000000
sppt_plus_independent,missing_dc_support,175,175,175,1.000000,0.978520,1.000000
validation,invalid_converter_efficiency,175,175,175,1.000000,0.978520,1.000000
solver_only,invalid_converter_efficiency,75,0,0,0.000000,0.000000,0.048724
validation_plus_solver,invalid_converter_efficiency,175,175,175,1.000000,0.978520,1.000000
full_sppt,invalid_converter_efficiency,175,175,175,1.000000,0.978520,1.000000
sppt_plus_independent,invalid_converter_efficiency,175,175,175,1.000000,0.978520,1.000000
validation,duplicate_ac_bus_identity,175,175,175,1.000000,0.978520,1.000000
solver_only,duplicate_ac_bus_identity,75,3,3,0.040000,0.013696,0.111130
validation_plus_solver,duplicate_ac_bus_identity,175,175,175,1.000000,0.978520,1.000000
full_sppt,duplicate_ac_bus_identity,175,175,175,1.000000,0.978520,1.000000
sppt_plus_independent,duplicate_ac_bus_identity,175,175,175,1.000000,0.978520,1.000000
validation,plausible_load_error,175,0,0,0.000000,0.000000,0.021480
solver_only,plausible_load_error,100,0,0,0.000000,0.000000,0.036993
validation_plus_solver,plausible_load_error,175,0,0,0.000000,0.000000,0.021480
full_sppt,plausible_load_error,175,0,0,0.000000,0.000000,0.021480
sppt_plus_independent,plausible_load_error,175,0,0,0.000000,0.000000,0.021480
validation,plausible_converter_setpoint_error,175,0,0,0.000000,0.000000,0.021480
solver_only,plausible_converter_setpoint_error,100,0,0,0.000000,0.000000,0.036993
validation_plus_solver,plausible_converter_setpoint_error,175,0,0,0.000000,0.000000,0.021480
full_sppt,plausible_converter_setpoint_error,175,0,0,0.000000,0.000000,0.021480
sppt_plus_independent,plausible_converter_setpoint_error,175,0,0,0.000000,0.000000,0.021480
